<?xml version="1.0" encoding="UTF-8"?>
<project-private xmlns="http://www.netbeans.org/ns/project-private/1">
    <editor-bookmarks xmlns="http://www.netbeans.org/ns/editor-bookmarks/2" lastBookmarkId="0"/>
    <open-files xmlns="http://www.netbeans.org/ns/projectui-open-files/2">
        <group>
            <file>file:/C:/Users/anton/Documents/NetBeansProjects/OFR/src/ofr/AddElement.java</file>
            <file>file:/C:/Users/anton/Documents/NetBeansProjects/OFR/src/ofr/EditElement.java</file>
            <file>file:/C:/Users/anton/Documents/NetBeansProjects/OFR/src/ofr/DeleteElement.java</file>
            <file>file:/C:/Users/anton/Documents/NetBeansProjects/OFR/src/ofr/OpenFinancialReporting.java</file>
        </group>
    </open-files>
</project-private>
